POSTING_MTH,FISCAL_YR,FISCAL_YR_PERIOD,CAL_YR_PERIOD
4/1/2022,2023,2023-01,2022-04
5/1/2022,2023,2023-02,2022-05
6/1/2022,2023,2023-03,2022-06
7/1/2022,2023,2023-04,2022-07
8/1/2022,2023,2023-05,2022-08
9/1/2022,2023,2023-06,2022-09
10/1/2022,2023,2023-07,2022-10
11/1/2022,2023,2023-08,2022-11
12/1/2022,2023,2023-09,2022-12
1/1/2023,2023,2023-10,2023-01
2/1/2023,2023,2023-11,2023-02
3/1/2023,2023,2023-12,2023-03
4/1/2023,2024,2024-01,2023-04
5/1/2023,2024,2024-02,2023-05
6/1/2023,2024,2024-03,2023-06
7/1/2023,2024,2024-04,2023-07
8/1/2023,2024,2024-05,2023-08
9/1/2023,2024,2024-06,2023-09
10/1/2023,2024,2024-07,2023-10
11/1/2023,2024,2024-08,2023-11
12/1/2023,2024,2024-09,2023-12
1/1/2024,2024,2024-10,2024-01
2/1/2024,2024,2024-11,2024-02
3/1/2024,2024,2024-12,2024-03
4/1/2024,2025,2025-01,2024-04
5/1/2024,2025,2025-02,2024-05
6/1/2024,2025,2025-03,2024-06
7/1/2024,2025,2025-04,2024-07
8/1/2024,2025,2025-05,2024-08
9/1/2024,2025,2025-06,2024-09
10/1/2024,2025,2025-07,2024-10
11/1/2024,2025,2025-08,2024-11
12/1/2024,2025,2025-09,2024-12
1/1/2025,2025,2025-10,2025-01
2/1/2025,2025,2025-11,2025-02
3/1/2025,2025,2025-12,2025-03
4/1/2025,2026,2026-01,2025-04
5/1/2025,2026,2026-02,2025-05
6/1/2025,2026,2026-03,2025-06
7/1/2025,2026,2026-04,2025-07
8/1/2025,2026,2026-05,2025-08
9/1/2025,2026,2026-06,2025-09
10/1/2025,2026,2026-07,2025-10
11/1/2025,2026,2026-08,2025-11
12/1/2025,2026,2026-09,2025-12
1/1/2026,2026,2026-10,2026-01
2/1/2026,2026,2026-11,2026-02
3/1/2026,2026,2026-12,2026-03
4/1/2026,2027,2027-01,2026-04
5/1/2026,2027,2027-02,2026-05
6/1/2026,2027,2027-03,2026-06
7/1/2026,2027,2027-04,2026-07
8/1/2026,2027,2027-05,2026-08
9/1/2026,2027,2027-06,2026-09
10/1/2026,2027,2027-07,2026-10
11/1/2026,2027,2027-08,2026-11
12/1/2026,2027,2027-09,2026-12
1/1/2027,2027,2027-10,2027-01
2/1/2027,2027,2027-11,2027-02
3/1/2027,2027,2027-12,2027-03
4/1/2027,2028,2028-01,2027-04
5/1/2027,2028,2028-02,2027-05
6/1/2027,2028,2028-03,2027-06
7/1/2027,2028,2028-04,2027-07
8/1/2027,2028,2028-05,2027-08
9/1/2027,2028,2028-06,2027-09
10/1/2027,2028,2028-07,2027-10
11/1/2027,2028,2028-08,2027-11
12/1/2027,2028,2028-09,2027-12
1/1/2028,2028,2028-10,2028-01
2/1/2028,2028,2028-11,2028-02
3/1/2028,2028,2028-12,2028-03
